"case_name","case_id","original_status","corrected_status","boundary","last_layer","last_classes","next_method"
"R(3,6)","R3_6","NOT_RUN","NOT_RUN","","","","MDO_SPEEDUP_D13R_V21"
"R(3,7)","R3_7","STOP_EXTENSION_LIMIT","STOP_EXTENSION_LIMIT",,"10","36364","MDO_SPEEDUP_D13R_V21"
"R(3,8)","R3_8","STOP_EXTENSION_LIMIT","STOP_EXTENSION_LIMIT",,"10","97862","MDO_SPEEDUP_D13R_V21"
"R(3,9)","R3_9","STOP_EXTENSION_LIMIT","STOP_EXTENSION_LIMIT",,"10","116750","MDO_SPEEDUP_D13R_V21"
"R(3,10)","R3_10","STOP_EXTENSION_LIMIT","STOP_EXTENSION_LIMIT",,"10","117275","MDO_SPEEDUP_D13R_V21"
"R(4,4)","R4_4","STOP_EXTENSION_LIMIT","STOP_EXTENSION_LIMIT",,"10","5858","MDO_SPEEDUP_D13R_V21"
"R(4,5)","R4_5","NOT_RUN","NOT_RUN","","","","MDO_SPEEDUP_D13R_V21"
"R(4,6)","R4_6","NOT_RUN","NOT_RUN","","","","MDO_SPEEDUP_D13R_V21"
"R(4,7)","R4_7","NOT_RUN","NOT_RUN","","","","MDO_SPEEDUP_D13R_V21"
"R(4,8)","R4_8","NOT_RUN","NOT_RUN","","","","MDO_SPEEDUP_D13R_V21"
"R(4,9)","R4_9","NOT_RUN","NOT_RUN","","","","MDO_SPEEDUP_D13R_V21"
"R(4,10)","R4_10","NOT_RUN","NOT_RUN","","","","MDO_SPEEDUP_D13R_V21"
"R(5,1)","R5_1","NOT_RUN","NOT_RUN","","","","MDO_SPEEDUP_D13R_V21"
"R(5,2)","R5_2","NOT_RUN","NOT_RUN","","","","MDO_SPEEDUP_D13R_V21"
"R(5,3)","R5_3","NOT_RUN","NOT_RUN","","","","MDO_SPEEDUP_D13R_V21"
"R(5,4)","R5_4","NOT_RUN","NOT_RUN","","","","MDO_SPEEDUP_D13R_V21"
"R(5,5)","R5_5","NOT_RUN","NOT_RUN","","","","MDO_SPEEDUP_D13R_V21"
"R(5,6)","R5_6","NOT_RUN","NOT_RUN","","","","MDO_SPEEDUP_D13R_V21"
"R(5,7)","R5_7","NOT_RUN","NOT_RUN","","","","MDO_SPEEDUP_D13R_V21"
"R(5,8)","R5_8","NOT_RUN","NOT_RUN","","","","MDO_SPEEDUP_D13R_V21"
"R(5,9)","R5_9","NOT_RUN","NOT_RUN","","","","MDO_SPEEDUP_D13R_V21"
"R(5,10)","R5_10","NOT_RUN","NOT_RUN","","","","MDO_SPEEDUP_D13R_V21"
"R(6,1)","R6_1","NOT_RUN","NOT_RUN","","","","MDO_SPEEDUP_D13R_V21"
"R(6,2)","R6_2","NOT_RUN","NOT_RUN","","","","MDO_SPEEDUP_D13R_V21"
"R(6,3)","R6_3","NOT_RUN","NOT_RUN","","","","MDO_SPEEDUP_D13R_V21"
"R(6,4)","R6_4","NOT_RUN","NOT_RUN","","","","MDO_SPEEDUP_D13R_V21"
"R(6,5)","R6_5","NOT_RUN","NOT_RUN","","","","MDO_SPEEDUP_D13R_V21"
"R(6,6)","R6_6","NOT_RUN","NOT_RUN","","","","MDO_SPEEDUP_D13R_V21"
"R(6,7)","R6_7","NOT_RUN","NOT_RUN","","","","MDO_SPEEDUP_D13R_V21"
"R(6,8)","R6_8","NOT_RUN","NOT_RUN","","","","MDO_SPEEDUP_D13R_V21"
"R(6,9)","R6_9","NOT_RUN","NOT_RUN","","","","MDO_SPEEDUP_D13R_V21"
"R(6,10)","R6_10","NOT_RUN","NOT_RUN","","","","MDO_SPEEDUP_D13R_V21"
"R(7,1)","R7_1","NOT_RUN","NOT_RUN","","","","MDO_SPEEDUP_D13R_V21"
"R(7,2)","R7_2","NOT_RUN","NOT_RUN","","","","MDO_SPEEDUP_D13R_V21"
"R(7,3)","R7_3","NOT_RUN","NOT_RUN","","","","MDO_SPEEDUP_D13R_V21"
"R(7,4)","R7_4","NOT_RUN","NOT_RUN","","","","MDO_SPEEDUP_D13R_V21"
"R(7,5)","R7_5","NOT_RUN","NOT_RUN","","","","MDO_SPEEDUP_D13R_V21"
"R(7,6)","R7_6","NOT_RUN","NOT_RUN","","","","MDO_SPEEDUP_D13R_V21"
"R(7,7)","R7_7","NOT_RUN","NOT_RUN","","","","MDO_SPEEDUP_D13R_V21"
"R(7,8)","R7_8","NOT_RUN","NOT_RUN","","","","MDO_SPEEDUP_D13R_V21"
"R(7,9)","R7_9","NOT_RUN","NOT_RUN","","","","MDO_SPEEDUP_D13R_V21"
"R(7,10)","R7_10","NOT_RUN","NOT_RUN","","","","MDO_SPEEDUP_D13R_V21"
"R(8,1)","R8_1","NOT_RUN","NOT_RUN","","","","MDO_SPEEDUP_D13R_V21"
"R(8,2)","R8_2","NOT_RUN","NOT_RUN","","","","MDO_SPEEDUP_D13R_V21"
"R(8,3)","R8_3","NOT_RUN","NOT_RUN","","","","MDO_SPEEDUP_D13R_V21"
"R(8,4)","R8_4","NOT_RUN","NOT_RUN","","","","MDO_SPEEDUP_D13R_V21"
"R(8,5)","R8_5","NOT_RUN","NOT_RUN","","","","MDO_SPEEDUP_D13R_V21"
"R(8,6)","R8_6","NOT_RUN","NOT_RUN","","","","MDO_SPEEDUP_D13R_V21"
"R(8,7)","R8_7","NOT_RUN","NOT_RUN","","","","MDO_SPEEDUP_D13R_V21"
"R(8,8)","R8_8","NOT_RUN","NOT_RUN","","","","MDO_SPEEDUP_D13R_V21"
"R(8,9)","R8_9","NOT_RUN","NOT_RUN","","","","MDO_SPEEDUP_D13R_V21"
"R(8,10)","R8_10","NOT_RUN","NOT_RUN","","","","MDO_SPEEDUP_D13R_V21"
"R(9,1)","R9_1","NOT_RUN","NOT_RUN","","","","MDO_SPEEDUP_D13R_V21"
"R(9,2)","R9_2","NOT_RUN","NOT_RUN","","","","MDO_SPEEDUP_D13R_V21"
"R(9,3)","R9_3","NOT_RUN","NOT_RUN","","","","MDO_SPEEDUP_D13R_V21"
"R(9,4)","R9_4","NOT_RUN","NOT_RUN","","","","MDO_SPEEDUP_D13R_V21"
"R(9,5)","R9_5","NOT_RUN","NOT_RUN","","","","MDO_SPEEDUP_D13R_V21"
"R(9,6)","R9_6","NOT_RUN","NOT_RUN","","","","MDO_SPEEDUP_D13R_V21"
"R(9,7)","R9_7","NOT_RUN","NOT_RUN","","","","MDO_SPEEDUP_D13R_V21"
"R(9,8)","R9_8","NOT_RUN","NOT_RUN","","","","MDO_SPEEDUP_D13R_V21"
"R(9,9)","R9_9","NOT_RUN","NOT_RUN","","","","MDO_SPEEDUP_D13R_V21"
"R(9,10)","R9_10","NOT_RUN","NOT_RUN","","","","MDO_SPEEDUP_D13R_V21"
"R(10,1)","R10_1","NOT_RUN","NOT_RUN","","","","MDO_SPEEDUP_D13R_V21"
"R(10,2)","R10_2","NOT_RUN","NOT_RUN","","","","MDO_SPEEDUP_D13R_V21"
"R(10,3)","R10_3","NOT_RUN","NOT_RUN","","","","MDO_SPEEDUP_D13R_V21"
"R(10,4)","R10_4","NOT_RUN","NOT_RUN","","","","MDO_SPEEDUP_D13R_V21"
"R(10,5)","R10_5","NOT_RUN","NOT_RUN","","","","MDO_SPEEDUP_D13R_V21"
"R(10,6)","R10_6","NOT_RUN","NOT_RUN","","","","MDO_SPEEDUP_D13R_V21"
"R(10,7)","R10_7","NOT_RUN","NOT_RUN","","","","MDO_SPEEDUP_D13R_V21"
"R(10,8)","R10_8","NOT_RUN","NOT_RUN","","","","MDO_SPEEDUP_D13R_V21"
"R(10,9)","R10_9","NOT_RUN","NOT_RUN","","","","MDO_SPEEDUP_D13R_V21"
"R(10,10)","R10_10","NOT_RUN","NOT_RUN","","","","MDO_SPEEDUP_D13R_V21"
