"a","b","case_name","case_id","status"
"1","1","R(1,1)","R1_1","PENDING"
"1","2","R(1,2)","R1_2","PENDING"
"1","3","R(1,3)","R1_3","PENDING"
"1","4","R(1,4)","R1_4","PENDING"
"1","5","R(1,5)","R1_5","PENDING"
"1","6","R(1,6)","R1_6","PENDING"
"1","7","R(1,7)","R1_7","PENDING"
"1","8","R(1,8)","R1_8","PENDING"
"1","9","R(1,9)","R1_9","PENDING"
"1","10","R(1,10)","R1_10","PENDING"
"2","1","R(2,1)","R2_1","PENDING"
"2","2","R(2,2)","R2_2","PENDING"
"2","3","R(2,3)","R2_3","PENDING"
"2","4","R(2,4)","R2_4","PENDING"
"2","5","R(2,5)","R2_5","PENDING"
"2","6","R(2,6)","R2_6","PENDING"
"2","7","R(2,7)","R2_7","PENDING"
"2","8","R(2,8)","R2_8","PENDING"
"2","9","R(2,9)","R2_9","PENDING"
"2","10","R(2,10)","R2_10","PENDING"
"3","1","R(3,1)","R3_1","PENDING"
"3","2","R(3,2)","R3_2","PENDING"
"3","3","R(3,3)","R3_3","PENDING"
"3","4","R(3,4)","R3_4","PENDING"
"3","5","R(3,5)","R3_5","PENDING"
"3","6","R(3,6)","R3_6","PENDING"
"3","7","R(3,7)","R3_7","PENDING"
"3","8","R(3,8)","R3_8","PENDING"
"3","9","R(3,9)","R3_9","PENDING"
"3","10","R(3,10)","R3_10","PENDING"
"4","1","R(4,1)","R4_1","PENDING"
"4","2","R(4,2)","R4_2","PENDING"
"4","3","R(4,3)","R4_3","PENDING"
"4","4","R(4,4)","R4_4","PENDING"
"4","5","R(4,5)","R4_5","PENDING"
"4","6","R(4,6)","R4_6","PENDING"
"4","7","R(4,7)","R4_7","PENDING"
"4","8","R(4,8)","R4_8","PENDING"
"4","9","R(4,9)","R4_9","PENDING"
"4","10","R(4,10)","R4_10","PENDING"
"5","1","R(5,1)","R5_1","PENDING"
"5","2","R(5,2)","R5_2","PENDING"
"5","3","R(5,3)","R5_3","PENDING"
"5","4","R(5,4)","R5_4","PENDING"
"5","5","R(5,5)","R5_5","PENDING"
"5","6","R(5,6)","R5_6","PENDING"
"5","7","R(5,7)","R5_7","PENDING"
"5","8","R(5,8)","R5_8","PENDING"
"5","9","R(5,9)","R5_9","PENDING"
"5","10","R(5,10)","R5_10","PENDING"
"6","1","R(6,1)","R6_1","PENDING"
"6","2","R(6,2)","R6_2","PENDING"
"6","3","R(6,3)","R6_3","PENDING"
"6","4","R(6,4)","R6_4","PENDING"
"6","5","R(6,5)","R6_5","PENDING"
"6","6","R(6,6)","R6_6","PENDING"
"6","7","R(6,7)","R6_7","PENDING"
"6","8","R(6,8)","R6_8","PENDING"
"6","9","R(6,9)","R6_9","PENDING"
"6","10","R(6,10)","R6_10","PENDING"
"7","1","R(7,1)","R7_1","PENDING"
"7","2","R(7,2)","R7_2","PENDING"
"7","3","R(7,3)","R7_3","PENDING"
"7","4","R(7,4)","R7_4","PENDING"
"7","5","R(7,5)","R7_5","PENDING"
"7","6","R(7,6)","R7_6","PENDING"
"7","7","R(7,7)","R7_7","PENDING"
"7","8","R(7,8)","R7_8","PENDING"
"7","9","R(7,9)","R7_9","PENDING"
"7","10","R(7,10)","R7_10","PENDING"
"8","1","R(8,1)","R8_1","PENDING"
"8","2","R(8,2)","R8_2","PENDING"
"8","3","R(8,3)","R8_3","PENDING"
"8","4","R(8,4)","R8_4","PENDING"
"8","5","R(8,5)","R8_5","PENDING"
"8","6","R(8,6)","R8_6","PENDING"
"8","7","R(8,7)","R8_7","PENDING"
"8","8","R(8,8)","R8_8","PENDING"
"8","9","R(8,9)","R8_9","PENDING"
"8","10","R(8,10)","R8_10","PENDING"
"9","1","R(9,1)","R9_1","PENDING"
"9","2","R(9,2)","R9_2","PENDING"
"9","3","R(9,3)","R9_3","PENDING"
"9","4","R(9,4)","R9_4","PENDING"
"9","5","R(9,5)","R9_5","PENDING"
"9","6","R(9,6)","R9_6","PENDING"
"9","7","R(9,7)","R9_7","PENDING"
"9","8","R(9,8)","R9_8","PENDING"
"9","9","R(9,9)","R9_9","PENDING"
"9","10","R(9,10)","R9_10","PENDING"
"10","1","R(10,1)","R10_1","PENDING"
"10","2","R(10,2)","R10_2","PENDING"
"10","3","R(10,3)","R10_3","PENDING"
"10","4","R(10,4)","R10_4","PENDING"
"10","5","R(10,5)","R10_5","PENDING"
"10","6","R(10,6)","R10_6","PENDING"
"10","7","R(10,7)","R10_7","PENDING"
"10","8","R(10,8)","R10_8","PENDING"
"10","9","R(10,9)","R10_9","PENDING"
"10","10","R(10,10)","R10_10","PENDING"
